<?xml version="1.0" encoding="UTF-8"?><?xml-stylesheet type='text/xsl' href='_UpgradeReport_Files/UpgradeReport.xslt'?><UpgradeLog>
<Properties><Property Name="Solution" Value="NS">
</Property><Property Name="Solution File" Value="C:\Users\Public\Documents\Align_BV_WebServiceDemo\NS\NS.sln">
</Property><Property Name="User Options File" Value="C:\Users\Public\Documents\Align_BV_WebServiceDemo\NS\NS.suo">
</Property><Property Name="Date" Value="12 June 2012">
</Property><Property Name="Time" Value="08:47">
</Property></Properties><Event ErrorLevel="0" Project="" Source="NS.sln" Description="File successfully backed up as C:\Users\Public\Documents\Align_BV_WebServiceDemo\NS\Backup\NS.sln">
</Event><Event ErrorLevel="0" Project="" Source="NS.suo" Description="File successfully backed up as C:\Users\Public\Documents\Align_BV_WebServiceDemo\NS\Backup\NS.suo">
</Event><Event ErrorLevel="0" Project="NS" Source="NS\NS.csproj" Description="Project file successfully backed up as C:\Users\Public\Documents\Align_BV_WebServiceDemo\NS\Backup\NS\NS.csproj">
</Event><Event ErrorLevel="0" Project="NS" Source="NS\Form1.cs" Description="File successfully backed up as C:\Users\Public\Documents\Align_BV_WebServiceDemo\NS\Backup\NS\Form1.cs">
</Event><Event ErrorLevel="0" Project="NS" Source="NS\Form1.Designer.cs" Description="File successfully backed up as C:\Users\Public\Documents\Align_BV_WebServiceDemo\NS\Backup\NS\Form1.Designer.cs">
</Event><Event ErrorLevel="0" Project="NS" Source="NS\Program.cs" Description="File successfully backed up as C:\Users\Public\Documents\Align_BV_WebServiceDemo\NS\Backup\NS\Program.cs">
</Event><Event ErrorLevel="0" Project="NS" Source="NS\Properties\AssemblyInfo.cs" Description="File successfully backed up as C:\Users\Public\Documents\Align_BV_WebServiceDemo\NS\Backup\NS\Properties\AssemblyInfo.cs">
</Event><Event ErrorLevel="0" Project="NS" Source="NS\Properties\Resources.Designer.cs" Description="File successfully backed up as C:\Users\Public\Documents\Align_BV_WebServiceDemo\NS\Backup\NS\Properties\Resources.Designer.cs">
</Event><Event ErrorLevel="0" Project="NS" Source="NS\Properties\Settings.Designer.cs" Description="File successfully backed up as C:\Users\Public\Documents\Align_BV_WebServiceDemo\NS\Backup\NS\Properties\Settings.Designer.cs">
</Event><Event ErrorLevel="0" Project="NS" Source="NS\Web References\com.netsuite.sandbox.webservices\Reference.cs" Description="File successfully backed up as C:\Users\Public\Documents\Align_BV_WebServiceDemo\NS\Backup\NS\Web References\com.netsuite.sandbox.webservices\Reference.cs">
</Event><Event ErrorLevel="0" Project="NS" Source="NS\Web References\com.netsuite.webservices\Reference.cs" Description="File successfully backed up as C:\Users\Public\Documents\Align_BV_WebServiceDemo\NS\Backup\NS\Web References\com.netsuite.webservices\Reference.cs">
</Event><Event ErrorLevel="0" Project="NS" Source="NS\app.config" Description="File successfully backed up as C:\Users\Public\Documents\Align_BV_WebServiceDemo\NS\Backup\NS\app.config">
</Event><Event ErrorLevel="0" Project="NS" Source="NS\Properties\Settings.settings" Description="File successfully backed up as C:\Users\Public\Documents\Align_BV_WebServiceDemo\NS\Backup\NS\Properties\Settings.settings">
</Event><Event ErrorLevel="0" Project="NS" Source="NS\Web References\com.netsuite.sandbox.webservices\accounting.xsd" Description="File successfully backed up as C:\Users\Public\Documents\Align_BV_WebServiceDemo\NS\Backup\NS\Web References\com.netsuite.sandbox.webservices\accounting.xsd">
</Event><Event ErrorLevel="0" Project="NS" Source="NS\Web References\com.netsuite.sandbox.webservices\accountingTypes.xsd" Description="File successfully backed up as C:\Users\Public\Documents\Align_BV_WebServiceDemo\NS\Backup\NS\Web References\com.netsuite.sandbox.webservices\accountingTypes.xsd">
</Event><Event ErrorLevel="0" Project="NS" Source="NS\Web References\com.netsuite.sandbox.webservices\AsyncResult.datasource" Description="File successfully backed up as C:\Users\Public\Documents\Align_BV_WebServiceDemo\NS\Backup\NS\Web References\com.netsuite.sandbox.webservices\AsyncResult.datasource">
</Event><Event ErrorLevel="0" Project="NS" Source="NS\Web References\com.netsuite.sandbox.webservices\AsyncStatusResult.datasource" Description="File successfully backed up as C:\Users\Public\Documents\Align_BV_WebServiceDemo\NS\Backup\NS\Web References\com.netsuite.sandbox.webservices\AsyncStatusResult.datasource">
</Event><Event ErrorLevel="0" Project="NS" Source="NS\Web References\com.netsuite.sandbox.webservices\bank.xsd" Description="File successfully backed up as C:\Users\Public\Documents\Align_BV_WebServiceDemo\NS\Backup\NS\Web References\com.netsuite.sandbox.webservices\bank.xsd">
</Event><Event ErrorLevel="0" Project="NS" Source="NS\Web References\com.netsuite.sandbox.webservices\bankTypes.xsd" Description="File successfully backed up as C:\Users\Public\Documents\Align_BV_WebServiceDemo\NS\Backup\NS\Web References\com.netsuite.sandbox.webservices\bankTypes.xsd">
</Event><Event ErrorLevel="0" Project="NS" Source="NS\Web References\com.netsuite.sandbox.webservices\common.xsd" Description="File successfully backed up as C:\Users\Public\Documents\Align_BV_WebServiceDemo\NS\Backup\NS\Web References\com.netsuite.sandbox.webservices\common.xsd">
</Event><Event ErrorLevel="0" Project="NS" Source="NS\Web References\com.netsuite.sandbox.webservices\commonTypes.xsd" Description="File successfully backed up as C:\Users\Public\Documents\Align_BV_WebServiceDemo\NS\Backup\NS\Web References\com.netsuite.sandbox.webservices\commonTypes.xsd">
</Event><Event ErrorLevel="0" Project="NS" Source="NS\Web References\com.netsuite.sandbox.webservices\communication.xsd" Description="File successfully backed up as C:\Users\Public\Documents\Align_BV_WebServiceDemo\NS\Backup\NS\Web References\com.netsuite.sandbox.webservices\communication.xsd">
</Event><Event ErrorLevel="0" Project="NS" Source="NS\Web References\com.netsuite.sandbox.webservices\communicationTypes.xsd" Description="File successfully backed up as C:\Users\Public\Documents\Align_BV_WebServiceDemo\NS\Backup\NS\Web References\com.netsuite.sandbox.webservices\communicationTypes.xsd">
</Event><Event ErrorLevel="0" Project="NS" Source="NS\Web References\com.netsuite.sandbox.webservices\core.xsd" Description="File successfully backed up as C:\Users\Public\Documents\Align_BV_WebServiceDemo\NS\Backup\NS\Web References\com.netsuite.sandbox.webservices\core.xsd">
</Event><Event ErrorLevel="0" Project="NS" Source="NS\Web References\com.netsuite.sandbox.webservices\coreTypes.xsd" Description="File successfully backed up as C:\Users\Public\Documents\Align_BV_WebServiceDemo\NS\Backup\NS\Web References\com.netsuite.sandbox.webservices\coreTypes.xsd">
</Event><Event ErrorLevel="0" Project="NS" Source="NS\Web References\com.netsuite.sandbox.webservices\customers.xsd" Description="File successfully backed up as C:\Users\Public\Documents\Align_BV_WebServiceDemo\NS\Backup\NS\Web References\com.netsuite.sandbox.webservices\customers.xsd">
</Event><Event ErrorLevel="0" Project="NS" Source="NS\Web References\com.netsuite.sandbox.webservices\customerTypes.xsd" Description="File successfully backed up as C:\Users\Public\Documents\Align_BV_WebServiceDemo\NS\Backup\NS\Web References\com.netsuite.sandbox.webservices\customerTypes.xsd">
</Event><Event ErrorLevel="0" Project="NS" Source="NS\Web References\com.netsuite.sandbox.webservices\customization.xsd" Description="File successfully backed up as C:\Users\Public\Documents\Align_BV_WebServiceDemo\NS\Backup\NS\Web References\com.netsuite.sandbox.webservices\customization.xsd">
</Event><Event ErrorLevel="0" Project="NS" Source="NS\Web References\com.netsuite.sandbox.webservices\customizationTypes.xsd" Description="File successfully backed up as C:\Users\Public\Documents\Align_BV_WebServiceDemo\NS\Backup\NS\Web References\com.netsuite.sandbox.webservices\customizationTypes.xsd">
</Event><Event ErrorLevel="0" Project="NS" Source="NS\Web References\com.netsuite.sandbox.webservices\demandPlanning.xsd" Description="File successfully backed up as C:\Users\Public\Documents\Align_BV_WebServiceDemo\NS\Backup\NS\Web References\com.netsuite.sandbox.webservices\demandPlanning.xsd">
</Event><Event ErrorLevel="0" Project="NS" Source="NS\Web References\com.netsuite.sandbox.webservices\demandPlanningTypes.xsd" Description="File successfully backed up as C:\Users\Public\Documents\Align_BV_WebServiceDemo\NS\Backup\NS\Web References\com.netsuite.sandbox.webservices\demandPlanningTypes.xsd">
</Event><Event ErrorLevel="0" Project="NS" Source="NS\Web References\com.netsuite.sandbox.webservices\employees.xsd" Description="File successfully backed up as C:\Users\Public\Documents\Align_BV_WebServiceDemo\NS\Backup\NS\Web References\com.netsuite.sandbox.webservices\employees.xsd">
</Event><Event ErrorLevel="0" Project="NS" Source="NS\Web References\com.netsuite.sandbox.webservices\employees0.xsd" Description="File successfully backed up as C:\Users\Public\Documents\Align_BV_WebServiceDemo\NS\Backup\NS\Web References\com.netsuite.sandbox.webservices\employees0.xsd">
</Event><Event ErrorLevel="0" Project="NS" Source="NS\Web References\com.netsuite.sandbox.webservices\employeeTypes.xsd" Description="File successfully backed up as C:\Users\Public\Documents\Align_BV_WebServiceDemo\NS\Backup\NS\Web References\com.netsuite.sandbox.webservices\employeeTypes.xsd">
</Event><Event ErrorLevel="0" Project="NS" Source="NS\Web References\com.netsuite.sandbox.webservices\employeeTypes0.xsd" Description="File successfully backed up as C:\Users\Public\Documents\Align_BV_WebServiceDemo\NS\Backup\NS\Web References\com.netsuite.sandbox.webservices\employeeTypes0.xsd">
</Event><Event ErrorLevel="0" Project="NS" Source="NS\Web References\com.netsuite.sandbox.webservices\faults.xsd" Description="File successfully backed up as C:\Users\Public\Documents\Align_BV_WebServiceDemo\NS\Backup\NS\Web References\com.netsuite.sandbox.webservices\faults.xsd">
</Event><Event ErrorLevel="0" Project="NS" Source="NS\Web References\com.netsuite.sandbox.webservices\faultTypes.xsd" Description="File successfully backed up as C:\Users\Public\Documents\Align_BV_WebServiceDemo\NS\Backup\NS\Web References\com.netsuite.sandbox.webservices\faultTypes.xsd">
</Event><Event ErrorLevel="0" Project="NS" Source="NS\Web References\com.netsuite.sandbox.webservices\fileCabinet.xsd" Description="File successfully backed up as C:\Users\Public\Documents\Align_BV_WebServiceDemo\NS\Backup\NS\Web References\com.netsuite.sandbox.webservices\fileCabinet.xsd">
</Event><Event ErrorLevel="0" Project="NS" Source="NS\Web References\com.netsuite.sandbox.webservices\fileCabinetTypes.xsd" Description="File successfully backed up as C:\Users\Public\Documents\Align_BV_WebServiceDemo\NS\Backup\NS\Web References\com.netsuite.sandbox.webservices\fileCabinetTypes.xsd">
</Event><Event ErrorLevel="0" Project="NS" Source="NS\Web References\com.netsuite.sandbox.webservices\financial.xsd" Description="File successfully backed up as C:\Users\Public\Documents\Align_BV_WebServiceDemo\NS\Backup\NS\Web References\com.netsuite.sandbox.webservices\financial.xsd">
</Event><Event ErrorLevel="0" Project="NS" Source="NS\Web References\com.netsuite.sandbox.webservices\financialTypes.xsd" Description="File successfully backed up as C:\Users\Public\Documents\Align_BV_WebServiceDemo\NS\Backup\NS\Web References\com.netsuite.sandbox.webservices\financialTypes.xsd">
</Event><Event ErrorLevel="0" Project="NS" Source="NS\Web References\com.netsuite.sandbox.webservices\general.xsd" Description="File successfully backed up as C:\Users\Public\Documents\Align_BV_WebServiceDemo\NS\Backup\NS\Web References\com.netsuite.sandbox.webservices\general.xsd">
</Event><Event ErrorLevel="0" Project="NS" Source="NS\Web References\com.netsuite.sandbox.webservices\GetAllResult.datasource" Description="File successfully backed up as C:\Users\Public\Documents\Align_BV_WebServiceDemo\NS\Backup\NS\Web References\com.netsuite.sandbox.webservices\GetAllResult.datasource">
</Event><Event ErrorLevel="0" Project="NS" Source="NS\Web References\com.netsuite.sandbox.webservices\GetBudgetExchangeRateResult.datasource" Description="File successfully backed up as C:\Users\Public\Documents\Align_BV_WebServiceDemo\NS\Backup\NS\Web References\com.netsuite.sandbox.webservices\GetBudgetExchangeRateResult.datasource">
</Event><Event ErrorLevel="0" Project="NS" Source="NS\Web References\com.netsuite.sandbox.webservices\GetConsolidatedExchangeRateResult.datasource" Description="File successfully backed up as C:\Users\Public\Documents\Align_BV_WebServiceDemo\NS\Backup\NS\Web References\com.netsuite.sandbox.webservices\GetConsolidatedExchangeRateResult.datasource">
</Event><Event ErrorLevel="0" Project="NS" Source="NS\Web References\com.netsuite.sandbox.webservices\GetCustomizationIdResult.datasource" Description="File successfully backed up as C:\Users\Public\Documents\Align_BV_WebServiceDemo\NS\Backup\NS\Web References\com.netsuite.sandbox.webservices\GetCustomizationIdResult.datasource">
</Event><Event ErrorLevel="0" Project="NS" Source="NS\Web References\com.netsuite.sandbox.webservices\GetDeletedResult.datasource" Description="File successfully backed up as C:\Users\Public\Documents\Align_BV_WebServiceDemo\NS\Backup\NS\Web References\com.netsuite.sandbox.webservices\GetDeletedResult.datasource">
</Event><Event ErrorLevel="0" Project="NS" Source="NS\Web References\com.netsuite.sandbox.webservices\GetItemAvailabilityResult.datasource" Description="File successfully backed up as C:\Users\Public\Documents\Align_BV_WebServiceDemo\NS\Backup\NS\Web References\com.netsuite.sandbox.webservices\GetItemAvailabilityResult.datasource">
</Event><Event ErrorLevel="0" Project="NS" Source="NS\Web References\com.netsuite.sandbox.webservices\GetPostingTransactionSummaryResult.datasource" Description="File successfully backed up as C:\Users\Public\Documents\Align_BV_WebServiceDemo\NS\Backup\NS\Web References\com.netsuite.sandbox.webservices\GetPostingTransactionSummaryResult.datasource">
</Event><Event ErrorLevel="0" Project="NS" Source="NS\Web References\com.netsuite.sandbox.webservices\GetSavedSearchResult.datasource" Description="File successfully backed up as C:\Users\Public\Documents\Align_BV_WebServiceDemo\NS\Backup\NS\Web References\com.netsuite.sandbox.webservices\GetSavedSearchResult.datasource">
</Event><Event ErrorLevel="0" Project="NS" Source="NS\Web References\com.netsuite.sandbox.webservices\GetSelectValueResult.datasource" Description="File successfully backed up as C:\Users\Public\Documents\Align_BV_WebServiceDemo\NS\Backup\NS\Web References\com.netsuite.sandbox.webservices\GetSelectValueResult.datasource">
</Event><Event ErrorLevel="0" Project="NS" Source="NS\Web References\com.netsuite.sandbox.webservices\GetServerTimeResult.datasource" Description="File successfully backed up as C:\Users\Public\Documents\Align_BV_WebServiceDemo\NS\Backup\NS\Web References\com.netsuite.sandbox.webservices\GetServerTimeResult.datasource">
</Event><Event ErrorLevel="0" Project="NS" Source="NS\Web References\com.netsuite.sandbox.webservices\inventory.xsd" Description="File successfully backed up as C:\Users\Public\Documents\Align_BV_WebServiceDemo\NS\Backup\NS\Web References\com.netsuite.sandbox.webservices\inventory.xsd">
</Event><Event ErrorLevel="0" Project="NS" Source="NS\Web References\com.netsuite.sandbox.webservices\inventoryTypes.xsd" Description="File successfully backed up as C:\Users\Public\Documents\Align_BV_WebServiceDemo\NS\Backup\NS\Web References\com.netsuite.sandbox.webservices\inventoryTypes.xsd">
</Event><Event ErrorLevel="0" Project="NS" Source="NS\Web References\com.netsuite.sandbox.webservices\marketing.xsd" Description="File successfully backed up as C:\Users\Public\Documents\Align_BV_WebServiceDemo\NS\Backup\NS\Web References\com.netsuite.sandbox.webservices\marketing.xsd">
</Event><Event ErrorLevel="0" Project="NS" Source="NS\Web References\com.netsuite.sandbox.webservices\marketingTypes.xsd" Description="File successfully backed up as C:\Users\Public\Documents\Align_BV_WebServiceDemo\NS\Backup\NS\Web References\com.netsuite.sandbox.webservices\marketingTypes.xsd">
</Event><Event ErrorLevel="0" Project="NS" Source="NS\Web References\com.netsuite.sandbox.webservices\messages.xsd" Description="File successfully backed up as C:\Users\Public\Documents\Align_BV_WebServiceDemo\NS\Backup\NS\Web References\com.netsuite.sandbox.webservices\messages.xsd">
</Event><Event ErrorLevel="0" Project="NS" Source="NS\Web References\com.netsuite.sandbox.webservices\netsuite.wsdl" Description="File successfully backed up as C:\Users\Public\Documents\Align_BV_WebServiceDemo\NS\Backup\NS\Web References\com.netsuite.sandbox.webservices\netsuite.wsdl">
</Event><Event ErrorLevel="0" Project="NS" Source="NS\Web References\com.netsuite.sandbox.webservices\purchases.xsd" Description="File successfully backed up as C:\Users\Public\Documents\Align_BV_WebServiceDemo\NS\Backup\NS\Web References\com.netsuite.sandbox.webservices\purchases.xsd">
</Event><Event ErrorLevel="0" Project="NS" Source="NS\Web References\com.netsuite.sandbox.webservices\purchaseTypes.xsd" Description="File successfully backed up as C:\Users\Public\Documents\Align_BV_WebServiceDemo\NS\Backup\NS\Web References\com.netsuite.sandbox.webservices\purchaseTypes.xsd">
</Event><Event ErrorLevel="0" Project="NS" Source="NS\Web References\com.netsuite.sandbox.webservices\ReadResponse.datasource" Description="File successfully backed up as C:\Users\Public\Documents\Align_BV_WebServiceDemo\NS\Backup\NS\Web References\com.netsuite.sandbox.webservices\ReadResponse.datasource">
</Event><Event ErrorLevel="0" Project="NS" Source="NS\Web References\com.netsuite.sandbox.webservices\Reference.map" Description="File successfully backed up as C:\Users\Public\Documents\Align_BV_WebServiceDemo\NS\Backup\NS\Web References\com.netsuite.sandbox.webservices\Reference.map">
</Event><Event ErrorLevel="0" Project="NS" Source="NS\Web References\com.netsuite.sandbox.webservices\relationships.xsd" Description="File successfully backed up as C:\Users\Public\Documents\Align_BV_WebServiceDemo\NS\Backup\NS\Web References\com.netsuite.sandbox.webservices\relationships.xsd">
</Event><Event ErrorLevel="0" Project="NS" Source="NS\Web References\com.netsuite.sandbox.webservices\relationshipTypes.xsd" Description="File successfully backed up as C:\Users\Public\Documents\Align_BV_WebServiceDemo\NS\Backup\NS\Web References\com.netsuite.sandbox.webservices\relationshipTypes.xsd">
</Event><Event ErrorLevel="0" Project="NS" Source="NS\Web References\com.netsuite.sandbox.webservices\sales.xsd" Description="File successfully backed up as C:\Users\Public\Documents\Align_BV_WebServiceDemo\NS\Backup\NS\Web References\com.netsuite.sandbox.webservices\sales.xsd">
</Event><Event ErrorLevel="0" Project="NS" Source="NS\Web References\com.netsuite.sandbox.webservices\saleTypes.xsd" Description="File successfully backed up as C:\Users\Public\Documents\Align_BV_WebServiceDemo\NS\Backup\NS\Web References\com.netsuite.sandbox.webservices\saleTypes.xsd">
</Event><Event ErrorLevel="0" Project="NS" Source="NS\Web References\com.netsuite.sandbox.webservices\scheduling.xsd" Description="File successfully backed up as C:\Users\Public\Documents\Align_BV_WebServiceDemo\NS\Backup\NS\Web References\com.netsuite.sandbox.webservices\scheduling.xsd">
</Event><Event ErrorLevel="0" Project="NS" Source="NS\Web References\com.netsuite.sandbox.webservices\schedulingTypes.xsd" Description="File successfully backed up as C:\Users\Public\Documents\Align_BV_WebServiceDemo\NS\Backup\NS\Web References\com.netsuite.sandbox.webservices\schedulingTypes.xsd">
</Event><Event ErrorLevel="0" Project="NS" Source="NS\Web References\com.netsuite.sandbox.webservices\SearchResult.datasource" Description="File successfully backed up as C:\Users\Public\Documents\Align_BV_WebServiceDemo\NS\Backup\NS\Web References\com.netsuite.sandbox.webservices\SearchResult.datasource">
</Event><Event ErrorLevel="0" Project="NS" Source="NS\Web References\com.netsuite.sandbox.webservices\SessionResponse.datasource" Description="File successfully backed up as C:\Users\Public\Documents\Align_BV_WebServiceDemo\NS\Backup\NS\Web References\com.netsuite.sandbox.webservices\SessionResponse.datasource">
</Event><Event ErrorLevel="0" Project="NS" Source="NS\Web References\com.netsuite.sandbox.webservices\support.xsd" Description="File successfully backed up as C:\Users\Public\Documents\Align_BV_WebServiceDemo\NS\Backup\NS\Web References\com.netsuite.sandbox.webservices\support.xsd">
</Event><Event ErrorLevel="0" Project="NS" Source="NS\Web References\com.netsuite.sandbox.webservices\supportTypes.xsd" Description="File successfully backed up as C:\Users\Public\Documents\Align_BV_WebServiceDemo\NS\Backup\NS\Web References\com.netsuite.sandbox.webservices\supportTypes.xsd">
</Event><Event ErrorLevel="0" Project="NS" Source="NS\Web References\com.netsuite.sandbox.webservices\website.xsd" Description="File successfully backed up as C:\Users\Public\Documents\Align_BV_WebServiceDemo\NS\Backup\NS\Web References\com.netsuite.sandbox.webservices\website.xsd">
</Event><Event ErrorLevel="0" Project="NS" Source="NS\Web References\com.netsuite.sandbox.webservices\websiteTypes.xsd" Description="File successfully backed up as C:\Users\Public\Documents\Align_BV_WebServiceDemo\NS\Backup\NS\Web References\com.netsuite.sandbox.webservices\websiteTypes.xsd">
</Event><Event ErrorLevel="0" Project="NS" Source="NS\Web References\com.netsuite.sandbox.webservices\WriteResponse.datasource" Description="File successfully backed up as C:\Users\Public\Documents\Align_BV_WebServiceDemo\NS\Backup\NS\Web References\com.netsuite.sandbox.webservices\WriteResponse.datasource">
</Event><Event ErrorLevel="0" Project="NS" Source="NS\Web References\com.netsuite.webservices\accounting.xsd" Description="File successfully backed up as C:\Users\Public\Documents\Align_BV_WebServiceDemo\NS\Backup\NS\Web References\com.netsuite.webservices\accounting.xsd">
</Event><Event ErrorLevel="0" Project="NS" Source="NS\Web References\com.netsuite.webservices\accountingTypes.xsd" Description="File successfully backed up as C:\Users\Public\Documents\Align_BV_WebServiceDemo\NS\Backup\NS\Web References\com.netsuite.webservices\accountingTypes.xsd">
</Event><Event ErrorLevel="0" Project="NS" Source="NS\Web References\com.netsuite.webservices\AsyncResult.datasource" Description="File successfully backed up as C:\Users\Public\Documents\Align_BV_WebServiceDemo\NS\Backup\NS\Web References\com.netsuite.webservices\AsyncResult.datasource">
</Event><Event ErrorLevel="0" Project="NS" Source="NS\Web References\com.netsuite.webservices\AsyncStatusResult.datasource" Description="File successfully backed up as C:\Users\Public\Documents\Align_BV_WebServiceDemo\NS\Backup\NS\Web References\com.netsuite.webservices\AsyncStatusResult.datasource">
</Event><Event ErrorLevel="0" Project="NS" Source="NS\Web References\com.netsuite.webservices\bank.xsd" Description="File successfully backed up as C:\Users\Public\Documents\Align_BV_WebServiceDemo\NS\Backup\NS\Web References\com.netsuite.webservices\bank.xsd">
</Event><Event ErrorLevel="0" Project="NS" Source="NS\Web References\com.netsuite.webservices\bankTypes.xsd" Description="File successfully backed up as C:\Users\Public\Documents\Align_BV_WebServiceDemo\NS\Backup\NS\Web References\com.netsuite.webservices\bankTypes.xsd">
</Event><Event ErrorLevel="0" Project="NS" Source="NS\Web References\com.netsuite.webservices\common.xsd" Description="File successfully backed up as C:\Users\Public\Documents\Align_BV_WebServiceDemo\NS\Backup\NS\Web References\com.netsuite.webservices\common.xsd">
</Event><Event ErrorLevel="0" Project="NS" Source="NS\Web References\com.netsuite.webservices\commonTypes.xsd" Description="File successfully backed up as C:\Users\Public\Documents\Align_BV_WebServiceDemo\NS\Backup\NS\Web References\com.netsuite.webservices\commonTypes.xsd">
</Event><Event ErrorLevel="0" Project="NS" Source="NS\Web References\com.netsuite.webservices\communication.xsd" Description="File successfully backed up as C:\Users\Public\Documents\Align_BV_WebServiceDemo\NS\Backup\NS\Web References\com.netsuite.webservices\communication.xsd">
</Event><Event ErrorLevel="0" Project="NS" Source="NS\Web References\com.netsuite.webservices\communicationTypes.xsd" Description="File successfully backed up as C:\Users\Public\Documents\Align_BV_WebServiceDemo\NS\Backup\NS\Web References\com.netsuite.webservices\communicationTypes.xsd">
</Event><Event ErrorLevel="0" Project="NS" Source="NS\Web References\com.netsuite.webservices\core.xsd" Description="File successfully backed up as C:\Users\Public\Documents\Align_BV_WebServiceDemo\NS\Backup\NS\Web References\com.netsuite.webservices\core.xsd">
</Event><Event ErrorLevel="0" Project="NS" Source="NS\Web References\com.netsuite.webservices\coreTypes.xsd" Description="File successfully backed up as C:\Users\Public\Documents\Align_BV_WebServiceDemo\NS\Backup\NS\Web References\com.netsuite.webservices\coreTypes.xsd">
</Event><Event ErrorLevel="0" Project="NS" Source="NS\Web References\com.netsuite.webservices\customers.xsd" Description="File successfully backed up as C:\Users\Public\Documents\Align_BV_WebServiceDemo\NS\Backup\NS\Web References\com.netsuite.webservices\customers.xsd">
</Event><Event ErrorLevel="0" Project="NS" Source="NS\Web References\com.netsuite.webservices\customerTypes.xsd" Description="File successfully backed up as C:\Users\Public\Documents\Align_BV_WebServiceDemo\NS\Backup\NS\Web References\com.netsuite.webservices\customerTypes.xsd">
</Event><Event ErrorLevel="0" Project="NS" Source="NS\Web References\com.netsuite.webservices\customization.xsd" Description="File successfully backed up as C:\Users\Public\Documents\Align_BV_WebServiceDemo\NS\Backup\NS\Web References\com.netsuite.webservices\customization.xsd">
</Event><Event ErrorLevel="0" Project="NS" Source="NS\Web References\com.netsuite.webservices\customizationTypes.xsd" Description="File successfully backed up as C:\Users\Public\Documents\Align_BV_WebServiceDemo\NS\Backup\NS\Web References\com.netsuite.webservices\customizationTypes.xsd">
</Event><Event ErrorLevel="0" Project="NS" Source="NS\Web References\com.netsuite.webservices\demandPlanning.xsd" Description="File successfully backed up as C:\Users\Public\Documents\Align_BV_WebServiceDemo\NS\Backup\NS\Web References\com.netsuite.webservices\demandPlanning.xsd">
</Event><Event ErrorLevel="0" Project="NS" Source="NS\Web References\com.netsuite.webservices\demandPlanningTypes.xsd" Description="File successfully backed up as C:\Users\Public\Documents\Align_BV_WebServiceDemo\NS\Backup\NS\Web References\com.netsuite.webservices\demandPlanningTypes.xsd">
</Event><Event ErrorLevel="0" Project="NS" Source="NS\Web References\com.netsuite.webservices\employees.xsd" Description="File successfully backed up as C:\Users\Public\Documents\Align_BV_WebServiceDemo\NS\Backup\NS\Web References\com.netsuite.webservices\employees.xsd">
</Event><Event ErrorLevel="0" Project="NS" Source="NS\Web References\com.netsuite.webservices\employees0.xsd" Description="File successfully backed up as C:\Users\Public\Documents\Align_BV_WebServiceDemo\NS\Backup\NS\Web References\com.netsuite.webservices\employees0.xsd">
</Event><Event ErrorLevel="0" Project="NS" Source="NS\Web References\com.netsuite.webservices\employeeTypes.xsd" Description="File successfully backed up as C:\Users\Public\Documents\Align_BV_WebServiceDemo\NS\Backup\NS\Web References\com.netsuite.webservices\employeeTypes.xsd">
</Event><Event ErrorLevel="0" Project="NS" Source="NS\Web References\com.netsuite.webservices\employeeTypes0.xsd" Description="File successfully backed up as C:\Users\Public\Documents\Align_BV_WebServiceDemo\NS\Backup\NS\Web References\com.netsuite.webservices\employeeTypes0.xsd">
</Event><Event ErrorLevel="0" Project="NS" Source="NS\Web References\com.netsuite.webservices\faults.xsd" Description="File successfully backed up as C:\Users\Public\Documents\Align_BV_WebServiceDemo\NS\Backup\NS\Web References\com.netsuite.webservices\faults.xsd">
</Event><Event ErrorLevel="0" Project="NS" Source="NS\Web References\com.netsuite.webservices\faultTypes.xsd" Description="File successfully backed up as C:\Users\Public\Documents\Align_BV_WebServiceDemo\NS\Backup\NS\Web References\com.netsuite.webservices\faultTypes.xsd">
</Event><Event ErrorLevel="0" Project="NS" Source="NS\Web References\com.netsuite.webservices\fileCabinet.xsd" Description="File successfully backed up as C:\Users\Public\Documents\Align_BV_WebServiceDemo\NS\Backup\NS\Web References\com.netsuite.webservices\fileCabinet.xsd">
</Event><Event ErrorLevel="0" Project="NS" Source="NS\Web References\com.netsuite.webservices\fileCabinetTypes.xsd" Description="File successfully backed up as C:\Users\Public\Documents\Align_BV_WebServiceDemo\NS\Backup\NS\Web References\com.netsuite.webservices\fileCabinetTypes.xsd">
</Event><Event ErrorLevel="0" Project="NS" Source="NS\Web References\com.netsuite.webservices\financial.xsd" Description="File successfully backed up as C:\Users\Public\Documents\Align_BV_WebServiceDemo\NS\Backup\NS\Web References\com.netsuite.webservices\financial.xsd">
</Event><Event ErrorLevel="0" Project="NS" Source="NS\Web References\com.netsuite.webservices\financialTypes.xsd" Description="File successfully backed up as C:\Users\Public\Documents\Align_BV_WebServiceDemo\NS\Backup\NS\Web References\com.netsuite.webservices\financialTypes.xsd">
</Event><Event ErrorLevel="0" Project="NS" Source="NS\Web References\com.netsuite.webservices\general.xsd" Description="File successfully backed up as C:\Users\Public\Documents\Align_BV_WebServiceDemo\NS\Backup\NS\Web References\com.netsuite.webservices\general.xsd">
</Event><Event ErrorLevel="0" Project="NS" Source="NS\Web References\com.netsuite.webservices\GetAllResult.datasource" Description="File successfully backed up as C:\Users\Public\Documents\Align_BV_WebServiceDemo\NS\Backup\NS\Web References\com.netsuite.webservices\GetAllResult.datasource">
</Event><Event ErrorLevel="0" Project="NS" Source="NS\Web References\com.netsuite.webservices\GetBudgetExchangeRateResult.datasource" Description="File successfully backed up as C:\Users\Public\Documents\Align_BV_WebServiceDemo\NS\Backup\NS\Web References\com.netsuite.webservices\GetBudgetExchangeRateResult.datasource">
</Event><Event ErrorLevel="0" Project="NS" Source="NS\Web References\com.netsuite.webservices\GetConsolidatedExchangeRateResult.datasource" Description="File successfully backed up as C:\Users\Public\Documents\Align_BV_WebServiceDemo\NS\Backup\NS\Web References\com.netsuite.webservices\GetConsolidatedExchangeRateResult.datasource">
</Event><Event ErrorLevel="0" Project="NS" Source="NS\Web References\com.netsuite.webservices\GetCustomizationIdResult.datasource" Description="File successfully backed up as C:\Users\Public\Documents\Align_BV_WebServiceDemo\NS\Backup\NS\Web References\com.netsuite.webservices\GetCustomizationIdResult.datasource">
</Event><Event ErrorLevel="0" Project="NS" Source="NS\Web References\com.netsuite.webservices\GetDeletedResult.datasource" Description="File successfully backed up as C:\Users\Public\Documents\Align_BV_WebServiceDemo\NS\Backup\NS\Web References\com.netsuite.webservices\GetDeletedResult.datasource">
</Event><Event ErrorLevel="0" Project="NS" Source="NS\Web References\com.netsuite.webservices\GetItemAvailabilityResult.datasource" Description="File successfully backed up as C:\Users\Public\Documents\Align_BV_WebServiceDemo\NS\Backup\NS\Web References\com.netsuite.webservices\GetItemAvailabilityResult.datasource">
</Event><Event ErrorLevel="0" Project="NS" Source="NS\Web References\com.netsuite.webservices\GetPostingTransactionSummaryResult.datasource" Description="File successfully backed up as C:\Users\Public\Documents\Align_BV_WebServiceDemo\NS\Backup\NS\Web References\com.netsuite.webservices\GetPostingTransactionSummaryResult.datasource">
</Event><Event ErrorLevel="0" Project="NS" Source="NS\Web References\com.netsuite.webservices\GetSavedSearchResult.datasource" Description="File successfully backed up as C:\Users\Public\Documents\Align_BV_WebServiceDemo\NS\Backup\NS\Web References\com.netsuite.webservices\GetSavedSearchResult.datasource">
</Event><Event ErrorLevel="0" Project="NS" Source="NS\Web References\com.netsuite.webservices\GetSelectValueResult.datasource" Description="File successfully backed up as C:\Users\Public\Documents\Align_BV_WebServiceDemo\NS\Backup\NS\Web References\com.netsuite.webservices\GetSelectValueResult.datasource">
</Event><Event ErrorLevel="0" Project="NS" Source="NS\Web References\com.netsuite.webservices\GetServerTimeResult.datasource" Description="File successfully backed up as C:\Users\Public\Documents\Align_BV_WebServiceDemo\NS\Backup\NS\Web References\com.netsuite.webservices\GetServerTimeResult.datasource">
</Event><Event ErrorLevel="0" Project="NS" Source="NS\Web References\com.netsuite.webservices\inventory.xsd" Description="File successfully backed up as C:\Users\Public\Documents\Align_BV_WebServiceDemo\NS\Backup\NS\Web References\com.netsuite.webservices\inventory.xsd">
</Event><Event ErrorLevel="0" Project="NS" Source="NS\Web References\com.netsuite.webservices\inventoryTypes.xsd" Description="File successfully backed up as C:\Users\Public\Documents\Align_BV_WebServiceDemo\NS\Backup\NS\Web References\com.netsuite.webservices\inventoryTypes.xsd">
</Event><Event ErrorLevel="0" Project="NS" Source="NS\Web References\com.netsuite.webservices\marketing.xsd" Description="File successfully backed up as C:\Users\Public\Documents\Align_BV_WebServiceDemo\NS\Backup\NS\Web References\com.netsuite.webservices\marketing.xsd">
</Event><Event ErrorLevel="0" Project="NS" Source="NS\Web References\com.netsuite.webservices\marketingTypes.xsd" Description="File successfully backed up as C:\Users\Public\Documents\Align_BV_WebServiceDemo\NS\Backup\NS\Web References\com.netsuite.webservices\marketingTypes.xsd">
</Event><Event ErrorLevel="0" Project="NS" Source="NS\Web References\com.netsuite.webservices\messages.xsd" Description="File successfully backed up as C:\Users\Public\Documents\Align_BV_WebServiceDemo\NS\Backup\NS\Web References\com.netsuite.webservices\messages.xsd">
</Event><Event ErrorLevel="0" Project="NS" Source="NS\Web References\com.netsuite.webservices\netsuite.wsdl" Description="File successfully backed up as C:\Users\Public\Documents\Align_BV_WebServiceDemo\NS\Backup\NS\Web References\com.netsuite.webservices\netsuite.wsdl">
</Event><Event ErrorLevel="0" Project="NS" Source="NS\Web References\com.netsuite.webservices\purchases.xsd" Description="File successfully backed up as C:\Users\Public\Documents\Align_BV_WebServiceDemo\NS\Backup\NS\Web References\com.netsuite.webservices\purchases.xsd">
</Event><Event ErrorLevel="0" Project="NS" Source="NS\Web References\com.netsuite.webservices\purchaseTypes.xsd" Description="File successfully backed up as C:\Users\Public\Documents\Align_BV_WebServiceDemo\NS\Backup\NS\Web References\com.netsuite.webservices\purchaseTypes.xsd">
</Event><Event ErrorLevel="0" Project="NS" Source="NS\Web References\com.netsuite.webservices\ReadResponse.datasource" Description="File successfully backed up as C:\Users\Public\Documents\Align_BV_WebServiceDemo\NS\Backup\NS\Web References\com.netsuite.webservices\ReadResponse.datasource">
</Event><Event ErrorLevel="0" Project="NS" Source="NS\Web References\com.netsuite.webservices\Reference.map" Description="File successfully backed up as C:\Users\Public\Documents\Align_BV_WebServiceDemo\NS\Backup\NS\Web References\com.netsuite.webservices\Reference.map">
</Event><Event ErrorLevel="0" Project="NS" Source="NS\Web References\com.netsuite.webservices\relationships.xsd" Description="File successfully backed up as C:\Users\Public\Documents\Align_BV_WebServiceDemo\NS\Backup\NS\Web References\com.netsuite.webservices\relationships.xsd">
</Event><Event ErrorLevel="0" Project="NS" Source="NS\Web References\com.netsuite.webservices\relationshipTypes.xsd" Description="File successfully backed up as C:\Users\Public\Documents\Align_BV_WebServiceDemo\NS\Backup\NS\Web References\com.netsuite.webservices\relationshipTypes.xsd">
</Event><Event ErrorLevel="0" Project="NS" Source="NS\Web References\com.netsuite.webservices\sales.xsd" Description="File successfully backed up as C:\Users\Public\Documents\Align_BV_WebServiceDemo\NS\Backup\NS\Web References\com.netsuite.webservices\sales.xsd">
</Event><Event ErrorLevel="0" Project="NS" Source="NS\Web References\com.netsuite.webservices\saleTypes.xsd" Description="File successfully backed up as C:\Users\Public\Documents\Align_BV_WebServiceDemo\NS\Backup\NS\Web References\com.netsuite.webservices\saleTypes.xsd">
</Event><Event ErrorLevel="0" Project="NS" Source="NS\Web References\com.netsuite.webservices\scheduling.xsd" Description="File successfully backed up as C:\Users\Public\Documents\Align_BV_WebServiceDemo\NS\Backup\NS\Web References\com.netsuite.webservices\scheduling.xsd">
</Event><Event ErrorLevel="0" Project="NS" Source="NS\Web References\com.netsuite.webservices\schedulingTypes.xsd" Description="File successfully backed up as C:\Users\Public\Documents\Align_BV_WebServiceDemo\NS\Backup\NS\Web References\com.netsuite.webservices\schedulingTypes.xsd">
</Event><Event ErrorLevel="0" Project="NS" Source="NS\Web References\com.netsuite.webservices\SearchResult.datasource" Description="File successfully backed up as C:\Users\Public\Documents\Align_BV_WebServiceDemo\NS\Backup\NS\Web References\com.netsuite.webservices\SearchResult.datasource">
</Event><Event ErrorLevel="0" Project="NS" Source="NS\Web References\com.netsuite.webservices\SessionResponse.datasource" Description="File successfully backed up as C:\Users\Public\Documents\Align_BV_WebServiceDemo\NS\Backup\NS\Web References\com.netsuite.webservices\SessionResponse.datasource">
</Event><Event ErrorLevel="0" Project="NS" Source="NS\Web References\com.netsuite.webservices\support.xsd" Description="File successfully backed up as C:\Users\Public\Documents\Align_BV_WebServiceDemo\NS\Backup\NS\Web References\com.netsuite.webservices\support.xsd">
</Event><Event ErrorLevel="0" Project="NS" Source="NS\Web References\com.netsuite.webservices\supportTypes.xsd" Description="File successfully backed up as C:\Users\Public\Documents\Align_BV_WebServiceDemo\NS\Backup\NS\Web References\com.netsuite.webservices\supportTypes.xsd">
</Event><Event ErrorLevel="0" Project="NS" Source="NS\Web References\com.netsuite.webservices\website.xsd" Description="File successfully backed up as C:\Users\Public\Documents\Align_BV_WebServiceDemo\NS\Backup\NS\Web References\com.netsuite.webservices\website.xsd">
</Event><Event ErrorLevel="0" Project="NS" Source="NS\Web References\com.netsuite.webservices\websiteTypes.xsd" Description="File successfully backed up as C:\Users\Public\Documents\Align_BV_WebServiceDemo\NS\Backup\NS\Web References\com.netsuite.webservices\websiteTypes.xsd">
</Event><Event ErrorLevel="0" Project="NS" Source="NS\Web References\com.netsuite.webservices\WriteResponse.datasource" Description="File successfully backed up as C:\Users\Public\Documents\Align_BV_WebServiceDemo\NS\Backup\NS\Web References\com.netsuite.webservices\WriteResponse.datasource">
</Event><Event ErrorLevel="0" Project="NS" Source="NS\Form1.resx" Description="File successfully backed up as C:\Users\Public\Documents\Align_BV_WebServiceDemo\NS\Backup\NS\Form1.resx">
</Event><Event ErrorLevel="0" Project="NS" Source="NS\Properties\Resources.resx" Description="File successfully backed up as C:\Users\Public\Documents\Align_BV_WebServiceDemo\NS\Backup\NS\Properties\Resources.resx">
</Event><Event ErrorLevel="0" Project="NS" Source="NS\NS.csproj" Description="Project converted successfully">
</Event><Event ErrorLevel="3" Project="NS" Source="NS\NS.csproj" Description="Converted">
</Event><Event ErrorLevel="0" Project="" Source="NS.sln" Description="Solution converted successfully">
</Event><Event ErrorLevel="3" Project="" Source="NS.sln" Description="Converted">
</Event><Event ErrorLevel="0" Project="NS" Source="NS\NS.csproj" Description="Scan complete: Upgrade not required for project files.">
</Event></UpgradeLog>